symbol,security_id,exchange,segment,instrument
GOLD,438425,MCX,M,FUTCOM
SILVERM,439487,MCX,M,FUTCOM
SILVER,439488,MCX,M,FUTCOM
SILVERM,440938,MCX,M,FUTCOM
GOLD,440939,MCX,M,FUTCOM
KAPAS,442172,MCX,M,FUTCOM
SILVERMIC,444542,MCX,M,FUTCOM
GOLD,445003,MCX,M,FUTCOM
SILVER,445004,MCX,M,FUTCOM
COTTONCNDY,446483,MCX,M,FUTCOM
MENTHAOIL,448164,MCX,M,FUTCOM
KAPAS,448166,MCX,M,FUTCOM
GOLD,449534,MCX,M,FUTCOM
CRUDEOIL,450134,MCX,M,FUTCOM
CRUDEOILM,450135,MCX,M,FUTCOM
NATURALGAS,450499,MCX,M,FUTCOM
NATGASMINI,450500,MCX,M,FUTCOM
ALUMINI,450645,MCX,M,FUTCOM
ALUMINIUM,450646,MCX,M,FUTCOM
COPPER,450647,MCX,M,FUTCOM
LEAD,450648,MCX,M,FUTCOM
LEADMINI,450649,MCX,M,FUTCOM
NICKEL,450650,MCX,M,FUTCOM
STEELREBAR,450651,MCX,M,FUTCOM
ZINC,450652,MCX,M,FUTCOM
ZINCMINI,450653,MCX,M,FUTCOM
COTTONCNDY,450654,MCX,M,FUTCOM
MENTHAOIL,450656,MCX,M,FUTCOM
SILVERMIC,450659,MCX,M,FUTCOM
SILVER,451666,MCX,M,FUTCOM
SILVERM,451669,MCX,M,FUTCOM
CRUDEOIL,452373,MCX,M,FUTCOM
CRUDEOILM,452374,MCX,M,FUTCOM
NATURALGAS,452643,MCX,M,FUTCOM
NATGASMINI,452644,MCX,M,FUTCOM
COPPER,452845,MCX,M,FUTCOM
LEADMINI,452846,MCX,M,FUTCOM
STEELREBAR,452847,MCX,M,FUTCOM
ALUMINIUM,452848,MCX,M,FUTCOM
ALUMINI,452849,MCX,M,FUTCOM
NICKEL,452850,MCX,M,FUTCOM
LEAD,452851,MCX,M,FUTCOM
ZINC,452852,MCX,M,FUTCOM
ZINCMINI,452853,MCX,M,FUTCOM
KAPAS,452854,MCX,M,FUTCOM
MENTHAOIL,452855,MCX,M,FUTCOM
COTTONOIL,452856,MCX,M,FUTCOM
GOLDGUINEA,452857,MCX,M,FUTCOM
GOLDPETAL,452858,MCX,M,FUTCOM
GOLD,454818,MCX,M,FUTCOM
CRUDEOIL,455865,MCX,M,FUTCOM
CRUDEOILM,455866,MCX,M,FUTCOM
NATURALGAS,456791,MCX,M,FUTCOM
NATGASMINI,456792,MCX,M,FUTCOM
ALUMINI,456953,MCX,M,FUTCOM
ALUMINIUM,456954,MCX,M,FUTCOM
COPPER,456955,MCX,M,FUTCOM
LEAD,456956,MCX,M,FUTCOM
LEADMINI,456957,MCX,M,FUTCOM
NICKEL,456958,MCX,M,FUTCOM
ZINC,456959,MCX,M,FUTCOM
ZINCMINI,456960,MCX,M,FUTCOM
STEELREBAR,456961,MCX,M,FUTCOM
GOLDGUINEA,456966,MCX,M,FUTCOM
GOLDPETAL,456967,MCX,M,FUTCOM
GOLDTEN,456968,MCX,M,FUTCOM
COTTONOIL,456969,MCX,M,FUTCOM
MENTHAOIL,457078,MCX,M,FUTCOM
GOLDM,457105,MCX,M,FUTCOM
SILVER,457532,MCX,M,FUTCOM
SILVERM,457533,MCX,M,FUTCOM
CRUDEOIL,457886,MCX,M,FUTCOM
CRUDEOILM,457887,MCX,M,FUTCOM
NATURALGAS,458147,MCX,M,FUTCOM
NATGASMINI,458148,MCX,M,FUTCOM
ALUMINIUM,458293,MCX,M,FUTCOM
ALUMINI,458294,MCX,M,FUTCOM
COPPER,458295,MCX,M,FUTCOM
LEAD,458296,MCX,M,FUTCOM
LEADMINI,458297,MCX,M,FUTCOM
NICKEL,458298,MCX,M,FUTCOM
STEELREBAR,458299,MCX,M,FUTCOM
ZINC,458300,MCX,M,FUTCOM
ZINCMINI,458301,MCX,M,FUTCOM
GOLDGUINEA,458302,MCX,M,FUTCOM
GOLDPETAL,458303,MCX,M,FUTCOM
GOLDTEN,458304,MCX,M,FUTCOM
SILVERMIC,458305,MCX,M,FUTCOM
COTTONOIL,458306,MCX,M,FUTCOM
MENTHAOIL,458307,MCX,M,FUTCOM
GOLDM,458697,MCX,M,FUTCOM
GOLD,459277,MCX,M,FUTCOM
CRUDEOIL,462523,MCX,M,FUTCOM
CRUDEOILM,462524,MCX,M,FUTCOM
NATURALGAS,463007,MCX,M,FUTCOM
NATGASMINI,463008,MCX,M,FUTCOM
COTTON,463161,MCX,M,FUTCOM
COTTON,463162,MCX,M,FUTCOM
COTTON,463163,MCX,M,FUTCOM
GOLDGUINEA,463265,MCX,M,FUTCOM
GOLDPETAL,463266,MCX,M,FUTCOM
GOLDTEN,463267,MCX,M,FUTCOM
MENTHAOIL,463268,MCX,M,FUTCOM
COTTONOIL,463269,MCX,M,FUTCOM
ALUMINI,463270,MCX,M,FUTCOM
ALUMINIUM,463271,MCX,M,FUTCOM
COPPER,463272,MCX,M,FUTCOM
LEAD,463273,MCX,M,FUTCOM
LEADMINI,463274,MCX,M,FUTCOM
NICKEL,463275,MCX,M,FUTCOM
STEELREBAR,463276,MCX,M,FUTCOM
ZINC,463277,MCX,M,FUTCOM
ZINCMINI,463278,MCX,M,FUTCOM
GOLDM,463393,MCX,M,FUTCOM
ELECDMBL,463396,MCX,M,FUTCOM
ELECDMBL,463397,MCX,M,FUTCOM
ELECDMBL,463398,MCX,M,FUTCOM
SILVER,464150,MCX,M,FUTCOM
SILVERM,464151,MCX,M,FUTCOM
CRUDEOIL,464925,MCX,M,FUTCOM
CRUDEOILM,464926,MCX,M,FUTCOM
CARDAMOM,465831,MCX,M,FUTCOM
CARDAMOM,465832,MCX,M,FUTCOM
CARDAMOM,465833,MCX,M,FUTCOM
CARDAMOM,465834,MCX,M,FUTCOM
NATURALGAS,465849,MCX,M,FUTCOM
NATGASMINI,465850,MCX,M,FUTCOM
011NSETEST-Nov2036-FUT,36687,NSE,D,FUTSTK
021NSETEST-Nov2036-FUT,36690,NSE,D,FUTSTK
031NSETEST-Nov2036-FUT,36691,NSE,D,FUTSTK
041NSETEST-Nov2036-FUT,36694,NSE,D,FUTSTK
051NSETEST-Nov2036-FUT,36697,NSE,D,FUTSTK
061NSETEST-Nov2036-FUT,36700,NSE,D,FUTSTK
071NSETEST-Nov2036-FUT,36702,NSE,D,FUTSTK
081NSETEST-Nov2036-FUT,36709,NSE,D,FUTSTK
091NSETEST-Nov2036-FUT,36713,NSE,D,FUTSTK
101NSETEST-Nov2036-FUT,36715,NSE,D,FUTSTK
111NSETEST-Nov2036-FUT,36716,NSE,D,FUTSTK
121NSETEST-Nov2036-FUT,36718,NSE,D,FUTSTK
131NSETEST-Nov2036-FUT,36720,NSE,D,FUTSTK
141NSETEST-Nov2036-FUT,36721,NSE,D,FUTSTK
151NSETEST-Nov2036-FUT,36724,NSE,D,FUTSTK
161NSETEST-Nov2036-FUT,36725,NSE,D,FUTSTK
171NSETEST-Nov2036-FUT,48576,NSE,D,FUTSTK
181NSETEST-Nov2036-FUT,48577,NSE,D,FUTSTK
BANKNIFTY-Sep2025-FUT,52995,NSE,D,FUTIDX
FINNIFTY-Sep2025-FUT,52997,NSE,D,FUTIDX
MIDCPNIFTY-Sep2025-FUT,52998,NSE,D,FUTIDX
NIFTY-Sep2025-FUT,53001,NSE,D,FUTIDX
NIFTYNXT50-Sep2025-FUT,53002,NSE,D,FUTIDX
360ONE-Jul2025-FUT,53003,NSE,D,FUTSTK
360ONE-Aug2025-FUT,53004,NSE,D,FUTSTK
360ONE-Sep2025-FUT,53011,NSE,D,FUTSTK
ABB-Sep2025-FUT,53012,NSE,D,FUTSTK
ABCAPITAL-Sep2025-FUT,53013,NSE,D,FUTSTK
ADANIENSOL-Sep2025-FUT,53014,NSE,D,FUTSTK
ADANIENT-Sep2025-FUT,53015,NSE,D,FUTSTK
ADANIGREEN-Sep2025-FUT,53016,NSE,D,FUTSTK
ADANIPORTS-Sep2025-FUT,53020,NSE,D,FUTSTK
ALKEM-Sep2025-FUT,53021,NSE,D,FUTSTK
AMBER-Jul2025-FUT,53027,NSE,D,FUTSTK
AMBER-Aug2025-FUT,53028,NSE,D,FUTSTK
AMBER-Sep2025-FUT,53031,NSE,D,FUTSTK
AMBUJACEM-Sep2025-FUT,53032,NSE,D,FUTSTK
ANGELONE-Sep2025-FUT,53033,NSE,D,FUTSTK
APLAPOLLO-Sep2025-FUT,53034,NSE,D,FUTSTK
APOLLOHOSP-Sep2025-FUT,53036,NSE,D,FUTSTK
ASHOKLEY-Sep2025-FUT,53037,NSE,D,FUTSTK
ASIANPAINT-Sep2025-FUT,53039,NSE,D,FUTSTK
ASTRAL-Sep2025-FUT,53040,NSE,D,FUTSTK
AUBANK-Sep2025-FUT,53041,NSE,D,FUTSTK
AUROPHARMA-Sep2025-FUT,53042,NSE,D,FUTSTK
AXISBANK-Sep2025-FUT,53043,NSE,D,FUTSTK
BAJAJ-AUTO-Sep2025-FUT,53044,NSE,D,FUTSTK
BAJAJFINSV-Sep2025-FUT,53045,NSE,D,FUTSTK
BAJFINANCE-Sep2025-FUT,53046,NSE,D,FUTSTK
BANDHANBNK-Sep2025-FUT,53047,NSE,D,FUTSTK
BANKBARODA-Sep2025-FUT,53048,NSE,D,FUTSTK
BANKINDIA-Sep2025-FUT,53049,NSE,D,FUTSTK
BDL-Sep2025-FUT,53050,NSE,D,FUTSTK
BEL-Sep2025-FUT,53051,NSE,D,FUTSTK
BHARATFORG-Sep2025-FUT,53052,NSE,D,FUTSTK
BHARTIARTL-Sep2025-FUT,53055,NSE,D,FUTSTK
BHEL-Sep2025-FUT,53056,NSE,D,FUTSTK
BIOCON-Sep2025-FUT,53057,NSE,D,FUTSTK
BLUESTARCO-Sep2025-FUT,53058,NSE,D,FUTSTK
BOSCHLTD-Sep2025-FUT,53059,NSE,D,FUTSTK
BPCL-Sep2025-FUT,53060,NSE,D,FUTSTK
BRITANNIA-Sep2025-FUT,53061,NSE,D,FUTSTK
BSE-Sep2025-FUT,53062,NSE,D,FUTSTK
CAMS-Sep2025-FUT,53063,NSE,D,FUTSTK
CANBK-Sep2025-FUT,53064,NSE,D,FUTSTK
CDSL-Sep2025-FUT,53065,NSE,D,FUTSTK
CGPOWER-Sep2025-FUT,53066,NSE,D,FUTSTK
CHOLAFIN-Sep2025-FUT,53068,NSE,D,FUTSTK
CIPLA-Sep2025-FUT,53069,NSE,D,FUTSTK
COALINDIA-Sep2025-FUT,53071,NSE,D,FUTSTK
COFORGE-Sep2025-FUT,53086,NSE,D,FUTSTK
COLPAL-Sep2025-FUT,53087,NSE,D,FUTSTK
CONCOR-Sep2025-FUT,53104,NSE,D,FUTSTK
CROMPTON-Sep2025-FUT,53105,NSE,D,FUTSTK
CUMMINSIND-Sep2025-FUT,53121,NSE,D,FUTSTK
CYIENT-Sep2025-FUT,53122,NSE,D,FUTSTK
DABUR-Sep2025-FUT,53131,NSE,D,FUTSTK
DALBHARAT-Sep2025-FUT,53132,NSE,D,FUTSTK
DELHIVERY-Sep2025-FUT,53133,NSE,D,FUTSTK
DIVISLAB-Sep2025-FUT,53134,NSE,D,FUTSTK
DIXON-Sep2025-FUT,53135,NSE,D,FUTSTK
DLF-Sep2025-FUT,53136,NSE,D,FUTSTK
DMART-Sep2025-FUT,53138,NSE,D,FUTSTK
DRREDDY-Sep2025-FUT,53139,NSE,D,FUTSTK
EICHERMOT-Sep2025-FUT,53149,NSE,D,FUTSTK
ETERNAL-Sep2025-FUT,53150,NSE,D,FUTSTK
EXIDEIND-Sep2025-FUT,53151,NSE,D,FUTSTK
FEDERALBNK-Sep2025-FUT,53152,NSE,D,FUTSTK
FORTIS-Sep2025-FUT,53154,NSE,D,FUTSTK
GAIL-Sep2025-FUT,53159,NSE,D,FUTSTK
GLENMARK-Sep2025-FUT,53160,NSE,D,FUTSTK
GMRAIRPORT-Sep2025-FUT,53161,NSE,D,FUTSTK
GODREJCP-Sep2025-FUT,53162,NSE,D,FUTSTK
GODREJPROP-Sep2025-FUT,53163,NSE,D,FUTSTK
GRASIM-Sep2025-FUT,53164,NSE,D,FUTSTK
HAL-Sep2025-FUT,53165,NSE,D,FUTSTK
HAVELLS-Sep2025-FUT,53166,NSE,D,FUTSTK
HCLTECH-Sep2025-FUT,53169,NSE,D,FUTSTK
HDFCAMC-Sep2025-FUT,53170,NSE,D,FUTSTK
HDFCBANK-Sep2025-FUT,53171,NSE,D,FUTSTK
HDFCLIFE-Sep2025-FUT,53172,NSE,D,FUTSTK
HEROMOTOCO-Sep2025-FUT,53173,NSE,D,FUTSTK
HFCL-Sep2025-FUT,53174,NSE,D,FUTSTK
HINDALCO-Sep2025-FUT,53175,NSE,D,FUTSTK
HINDPETRO-Sep2025-FUT,53176,NSE,D,FUTSTK
HINDUNILVR-Sep2025-FUT,53185,NSE,D,FUTSTK
HINDZINC-Sep2025-FUT,53186,NSE,D,FUTSTK
HUDCO-Sep2025-FUT,53187,NSE,D,FUTSTK
ICICIBANK-Sep2025-FUT,53188,NSE,D,FUTSTK
ICICIGI-Sep2025-FUT,53189,NSE,D,FUTSTK
ICICIPRULI-Sep2025-FUT,53190,NSE,D,FUTSTK
IDEA-Sep2025-FUT,53192,NSE,D,FUTSTK
IDFCFIRSTB-Sep2025-FUT,53193,NSE,D,FUTSTK
IEX-Sep2025-FUT,53199,NSE,D,FUTSTK
IGL-Sep2025-FUT,53200,NSE,D,FUTSTK
IIFL-Sep2025-FUT,53203,NSE,D,FUTSTK
INDHOTEL-Sep2025-FUT,53204,NSE,D,FUTSTK
INDIANB-Sep2025-FUT,53205,NSE,D,FUTSTK
INDIGO-Sep2025-FUT,53206,NSE,D,FUTSTK
BANKNIFTY-Jul2025-FUT,53213,NSE,D,FUTIDX
FINNIFTY-Jul2025-FUT,53214,NSE,D,FUTIDX
MIDCPNIFTY-Jul2025-FUT,53215,NSE,D,FUTIDX
NIFTY-Jul2025-FUT,53216,NSE,D,FUTIDX
NIFTYNXT50-Jul2025-FUT,53217,NSE,D,FUTIDX
AARTIIND-Jul2025-FUT,53218,NSE,D,FUTSTK
ABB-Jul2025-FUT,53219,NSE,D,FUTSTK
ABCAPITAL-Jul2025-FUT,53220,NSE,D,FUTSTK
ABFRL-Jul2025-FUT,53221,NSE,D,FUTSTK
ACC-Jul2025-FUT,53222,NSE,D,FUTSTK
ADANIENSOL-Jul2025-FUT,53223,NSE,D,FUTSTK
ADANIENT-Jul2025-FUT,53224,NSE,D,FUTSTK
ADANIGREEN-Jul2025-FUT,53225,NSE,D,FUTSTK
ADANIPORTS-Jul2025-FUT,53226,NSE,D,FUTSTK
ALKEM-Jul2025-FUT,53227,NSE,D,FUTSTK
INDUSINDBK-Sep2025-FUT,53230,NSE,D,FUTSTK
INDUSTOWER-Sep2025-FUT,53231,NSE,D,FUTSTK
INFY-Sep2025-FUT,53232,NSE,D,FUTSTK
INOXWIND-Sep2025-FUT,53233,NSE,D,FUTSTK
IOC-Sep2025-FUT,53234,NSE,D,FUTSTK
AMBUJACEM-Jul2025-FUT,53235,NSE,D,FUTSTK
ANGELONE-Jul2025-FUT,53236,NSE,D,FUTSTK
IRCTC-Sep2025-FUT,53237,NSE,D,FUTSTK
IREDA-Sep2025-FUT,53238,NSE,D,FUTSTK
IRFC-Sep2025-FUT,53239,NSE,D,FUTSTK
APLAPOLLO-Jul2025-FUT,53240,NSE,D,FUTSTK
APOLLOHOSP-Jul2025-FUT,53241,NSE,D,FUTSTK
ITC-Sep2025-FUT,53242,NSE,D,FUTSTK
JINDALSTEL-Sep2025-FUT,53243,NSE,D,FUTSTK
ASHOKLEY-Jul2025-FUT,53244,NSE,D,FUTSTK
ASIANPAINT-Jul2025-FUT,53245,NSE,D,FUTSTK
ASTRAL-Jul2025-FUT,53246,NSE,D,FUTSTK
ATGL-Jul2025-FUT,53247,NSE,D,FUTSTK
AUBANK-Jul2025-FUT,53248,NSE,D,FUTSTK
AUROPHARMA-Jul2025-FUT,53249,NSE,D,FUTSTK
AXISBANK-Jul2025-FUT,53250,NSE,D,FUTSTK
BAJAJ-AUTO-Jul2025-FUT,53251,NSE,D,FUTSTK
BAJAJFINSV-Jul2025-FUT,53252,NSE,D,FUTSTK
BAJFINANCE-Jul2025-FUT,53253,NSE,D,FUTSTK
BALKRISIND-Jul2025-FUT,53254,NSE,D,FUTSTK
BANDHANBNK-Jul2025-FUT,53255,NSE,D,FUTSTK
BANKBARODA-Jul2025-FUT,53256,NSE,D,FUTSTK
BANKINDIA-Jul2025-FUT,53257,NSE,D,FUTSTK
BEL-Jul2025-FUT,53258,NSE,D,FUTSTK
BHARATFORG-Jul2025-FUT,53259,NSE,D,FUTSTK
BHARTIARTL-Jul2025-FUT,53260,NSE,D,FUTSTK
BHEL-Jul2025-FUT,53261,NSE,D,FUTSTK
BIOCON-Jul2025-FUT,53262,NSE,D,FUTSTK
BOSCHLTD-Jul2025-FUT,53263,NSE,D,FUTSTK
BPCL-Jul2025-FUT,53264,NSE,D,FUTSTK
BRITANNIA-Jul2025-FUT,53265,NSE,D,FUTSTK
JIOFIN-Sep2025-FUT,53266,NSE,D,FUTSTK
JSWENERGY-Sep2025-FUT,53267,NSE,D,FUTSTK
BSE-Jul2025-FUT,53268,NSE,D,FUTSTK
BSOFT-Jul2025-FUT,53269,NSE,D,FUTSTK
CAMS-Jul2025-FUT,53270,NSE,D,FUTSTK
JSWSTEEL-Sep2025-FUT,53271,NSE,D,FUTSTK
JUBLFOOD-Sep2025-FUT,53272,NSE,D,FUTSTK
CANBK-Jul2025-FUT,53273,NSE,D,FUTSTK
CDSL-Jul2025-FUT,53274,NSE,D,FUTSTK
CESC-Jul2025-FUT,53275,NSE,D,FUTSTK
CGPOWER-Jul2025-FUT,53276,NSE,D,FUTSTK
CHAMBLFERT-Jul2025-FUT,53277,NSE,D,FUTSTK
CHOLAFIN-Jul2025-FUT,53278,NSE,D,FUTSTK
CIPLA-Jul2025-FUT,53279,NSE,D,FUTSTK
COALINDIA-Jul2025-FUT,53280,NSE,D,FUTSTK
COFORGE-Jul2025-FUT,53281,NSE,D,FUTSTK
KALYANKJIL-Sep2025-FUT,53282,NSE,D,FUTSTK
KAYNES-Sep2025-FUT,53283,NSE,D,FUTSTK
COLPAL-Jul2025-FUT,53284,NSE,D,FUTSTK
KEI-Sep2025-FUT,53285,NSE,D,FUTSTK
KFINTECH-Jul2025-FUT,53286,NSE,D,FUTSTK
KFINTECH-Aug2025-FUT,53287,NSE,D,FUTSTK
KFINTECH-Sep2025-FUT,53288,NSE,D,FUTSTK
CONCOR-Jul2025-FUT,53289,NSE,D,FUTSTK
CROMPTON-Jul2025-FUT,53290,NSE,D,FUTSTK
CUMMINSIND-Jul2025-FUT,53291,NSE,D,FUTSTK
CYIENT-Jul2025-FUT,53292,NSE,D,FUTSTK
DABUR-Jul2025-FUT,53293,NSE,D,FUTSTK
DALBHARAT-Jul2025-FUT,53294,NSE,D,FUTSTK
DELHIVERY-Jul2025-FUT,53295,NSE,D,FUTSTK
DIVISLAB-Jul2025-FUT,53296,NSE,D,FUTSTK
DIXON-Jul2025-FUT,53297,NSE,D,FUTSTK
DLF-Jul2025-FUT,53298,NSE,D,FUTSTK
DMART-Jul2025-FUT,53299,NSE,D,FUTSTK
DRREDDY-Jul2025-FUT,53300,NSE,D,FUTSTK
EICHERMOT-Jul2025-FUT,53301,NSE,D,FUTSTK
ETERNAL-Jul2025-FUT,53302,NSE,D,FUTSTK
EXIDEIND-Jul2025-FUT,53303,NSE,D,FUTSTK
FEDERALBNK-Jul2025-FUT,53304,NSE,D,FUTSTK
GAIL-Jul2025-FUT,53305,NSE,D,FUTSTK
GLENMARK-Jul2025-FUT,53306,NSE,D,FUTSTK
GMRAIRPORT-Jul2025-FUT,53307,NSE,D,FUTSTK
GODREJCP-Jul2025-FUT,53308,NSE,D,FUTSTK
GODREJPROP-Jul2025-FUT,53309,NSE,D,FUTSTK
GRANULES-Jul2025-FUT,53310,NSE,D,FUTSTK
GRASIM-Jul2025-FUT,53311,NSE,D,FUTSTK
HAL-Jul2025-FUT,53312,NSE,D,FUTSTK
HAVELLS-Jul2025-FUT,53313,NSE,D,FUTSTK
HCLTECH-Jul2025-FUT,53314,NSE,D,FUTSTK
HDFCAMC-Jul2025-FUT,53315,NSE,D,FUTSTK
HDFCBANK-Jul2025-FUT,53316,NSE,D,FUTSTK
HDFCLIFE-Jul2025-FUT,53317,NSE,D,FUTSTK
HEROMOTOCO-Jul2025-FUT,53318,NSE,D,FUTSTK
HFCL-Jul2025-FUT,53319,NSE,D,FUTSTK
HINDALCO-Jul2025-FUT,53321,NSE,D,FUTSTK
HINDCOPPER-Jul2025-FUT,53322,NSE,D,FUTSTK
HINDPETRO-Jul2025-FUT,53323,NSE,D,FUTSTK
HINDUNILVR-Jul2025-FUT,53324,NSE,D,FUTSTK
HINDZINC-Jul2025-FUT,53325,NSE,D,FUTSTK
HUDCO-Jul2025-FUT,53326,NSE,D,FUTSTK
ICICIBANK-Jul2025-FUT,53327,NSE,D,FUTSTK
ICICIGI-Jul2025-FUT,53328,NSE,D,FUTSTK
ICICIPRULI-Jul2025-FUT,53329,NSE,D,FUTSTK
IDEA-Jul2025-FUT,53330,NSE,D,FUTSTK
IDFCFIRSTB-Jul2025-FUT,53334,NSE,D,FUTSTK
IEX-Jul2025-FUT,53335,NSE,D,FUTSTK
IGL-Jul2025-FUT,53336,NSE,D,FUTSTK
IIFL-Jul2025-FUT,53337,NSE,D,FUTSTK
INDHOTEL-Jul2025-FUT,53338,NSE,D,FUTSTK
INDIANB-Jul2025-FUT,53339,NSE,D,FUTSTK
INDIGO-Jul2025-FUT,53340,NSE,D,FUTSTK
INDUSINDBK-Jul2025-FUT,53341,NSE,D,FUTSTK
INDUSTOWER-Jul2025-FUT,53342,NSE,D,FUTSTK
INFY-Jul2025-FUT,53343,NSE,D,FUTSTK
INOXWIND-Jul2025-FUT,53344,NSE,D,FUTSTK
IOC-Jul2025-FUT,53345,NSE,D,FUTSTK
IRB-Jul2025-FUT,53346,NSE,D,FUTSTK
IRCTC-Jul2025-FUT,53347,NSE,D,FUTSTK
IREDA-Jul2025-FUT,53348,NSE,D,FUTSTK
IRFC-Jul2025-FUT,53351,NSE,D,FUTSTK
ITC-Jul2025-FUT,53352,NSE,D,FUTSTK
JINDALSTEL-Jul2025-FUT,53353,NSE,D,FUTSTK
JIOFIN-Jul2025-FUT,53354,NSE,D,FUTSTK
JSL-Jul2025-FUT,53355,NSE,D,FUTSTK
JSWENERGY-Jul2025-FUT,53358,NSE,D,FUTSTK
JSWSTEEL-Jul2025-FUT,53359,NSE,D,FUTSTK
KOTAKBANK-Sep2025-FUT,53360,NSE,D,FUTSTK
KPITTECH-Sep2025-FUT,53361,NSE,D,FUTSTK
LAURUSLABS-Sep2025-FUT,53362,NSE,D,FUTSTK
LICHSGFIN-Sep2025-FUT,53363,NSE,D,FUTSTK
LICI-Sep2025-FUT,53364,NSE,D,FUTSTK
LODHA-Sep2025-FUT,53365,NSE,D,FUTSTK
JUBLFOOD-Jul2025-FUT,53366,NSE,D,FUTSTK
KALYANKJIL-Jul2025-FUT,53367,NSE,D,FUTSTK
KEI-Jul2025-FUT,53368,NSE,D,FUTSTK
KOTAKBANK-Jul2025-FUT,53369,NSE,D,FUTSTK
KPITTECH-Jul2025-FUT,53370,NSE,D,FUTSTK
LAURUSLABS-Jul2025-FUT,53371,NSE,D,FUTSTK
LICHSGFIN-Jul2025-FUT,53372,NSE,D,FUTSTK
LICI-Jul2025-FUT,53373,NSE,D,FUTSTK
LODHA-Jul2025-FUT,53374,NSE,D,FUTSTK
LT-Jul2025-FUT,53375,NSE,D,FUTSTK
LTF-Jul2025-FUT,53376,NSE,D,FUTSTK
LTIM-Jul2025-FUT,53377,NSE,D,FUTSTK
LUPIN-Jul2025-FUT,53378,NSE,D,FUTSTK
M&M-Jul2025-FUT,53379,NSE,D,FUTSTK
M&MFIN-Jul2025-FUT,53380,NSE,D,FUTSTK
MANAPPURAM-Jul2025-FUT,53381,NSE,D,FUTSTK
MARICO-Jul2025-FUT,53382,NSE,D,FUTSTK
MARUTI-Jul2025-FUT,53383,NSE,D,FUTSTK
MAXHEALTH-Jul2025-FUT,53384,NSE,D,FUTSTK
MCX-Jul2025-FUT,53385,NSE,D,FUTSTK
MFSL-Jul2025-FUT,53386,NSE,D,FUTSTK
MGL-Jul2025-FUT,53387,NSE,D,FUTSTK
MOTHERSON-Jul2025-FUT,53388,NSE,D,FUTSTK
MPHASIS-Jul2025-FUT,53389,NSE,D,FUTSTK
MUTHOOTFIN-Jul2025-FUT,53390,NSE,D,FUTSTK
NATIONALUM-Jul2025-FUT,53391,NSE,D,FUTSTK
NAUKRI-Jul2025-FUT,53392,NSE,D,FUTSTK
NBCC-Jul2025-FUT,53393,NSE,D,FUTSTK
NCC-Jul2025-FUT,53394,NSE,D,FUTSTK
NESTLEIND-Jul2025-FUT,53395,NSE,D,FUTSTK
NHPC-Jul2025-FUT,53396,NSE,D,FUTSTK
NMDC-Jul2025-FUT,53397,NSE,D,FUTSTK
NTPC-Jul2025-FUT,53398,NSE,D,FUTSTK
NYKAA-Jul2025-FUT,53399,NSE,D,FUTSTK
LT-Sep2025-FUT,53400,NSE,D,FUTSTK
LTF-Sep2025-FUT,53401,NSE,D,FUTSTK
OBEROIRLTY-Jul2025-FUT,53402,NSE,D,FUTSTK
OFSS-Jul2025-FUT,53403,NSE,D,FUTSTK
OIL-Jul2025-FUT,53404,NSE,D,FUTSTK
ONGC-Jul2025-FUT,53405,NSE,D,FUTSTK
PAGEIND-Jul2025-FUT,53406,NSE,D,FUTSTK
PATANJALI-Jul2025-FUT,53407,NSE,D,FUTSTK
PAYTM-Jul2025-FUT,53408,NSE,D,FUTSTK
PEL-Jul2025-FUT,53409,NSE,D,FUTSTK
LTIM-Sep2025-FUT,53410,NSE,D,FUTSTK
LUPIN-Sep2025-FUT,53411,NSE,D,FUTSTK
M&M-Sep2025-FUT,53412,NSE,D,FUTSTK
PERSISTENT-Jul2025-FUT,53413,NSE,D,FUTSTK
PETRONET-Jul2025-FUT,53414,NSE,D,FUTSTK
PFC-Jul2025-FUT,53415,NSE,D,FUTSTK
PHOENIXLTD-Jul2025-FUT,53416,NSE,D,FUTSTK
PIDILITIND-Jul2025-FUT,53418,NSE,D,FUTSTK
PIIND-Jul2025-FUT,53419,NSE,D,FUTSTK
PNB-Jul2025-FUT,53420,NSE,D,FUTSTK
PNBHOUSING-Jul2025-FUT,53421,NSE,D,FUTSTK
POLICYBZR-Jul2025-FUT,53422,NSE,D,FUTSTK
POLYCAB-Jul2025-FUT,53423,NSE,D,FUTSTK
POONAWALLA-Jul2025-FUT,53424,NSE,D,FUTSTK
POWERGRID-Jul2025-FUT,53425,NSE,D,FUTSTK
PRESTIGE-Jul2025-FUT,53426,NSE,D,FUTSTK
RBLBANK-Jul2025-FUT,53427,NSE,D,FUTSTK
RECLTD-Jul2025-FUT,53428,NSE,D,FUTSTK
RELIANCE-Jul2025-FUT,53429,NSE,D,FUTSTK
SAIL-Jul2025-FUT,53430,NSE,D,FUTSTK
SBICARD-Jul2025-FUT,53431,NSE,D,FUTSTK
SBILIFE-Jul2025-FUT,53432,NSE,D,FUTSTK
SBIN-Jul2025-FUT,53433,NSE,D,FUTSTK
SHREECEM-Jul2025-FUT,53434,NSE,D,FUTSTK
SHRIRAMFIN-Jul2025-FUT,53435,NSE,D,FUTSTK
SIEMENS-Jul2025-FUT,53436,NSE,D,FUTSTK
SJVN-Jul2025-FUT,53437,NSE,D,FUTSTK
SOLARINDS-Jul2025-FUT,53438,NSE,D,FUTSTK
SONACOMS-Jul2025-FUT,53439,NSE,D,FUTSTK
SRF-Jul2025-FUT,53440,NSE,D,FUTSTK
SUNPHARMA-Jul2025-FUT,53441,NSE,D,FUTSTK
SUPREMEIND-Jul2025-FUT,53442,NSE,D,FUTSTK
SYNGENE-Jul2025-FUT,53443,NSE,D,FUTSTK
TATACHEM-Jul2025-FUT,53448,NSE,D,FUTSTK
TATACOMM-Jul2025-FUT,53449,NSE,D,FUTSTK
TATACONSUM-Jul2025-FUT,53450,NSE,D,FUTSTK
TATAELXSI-Jul2025-FUT,53451,NSE,D,FUTSTK
TATAMOTORS-Jul2025-FUT,53452,NSE,D,FUTSTK
TATAPOWER-Jul2025-FUT,53453,NSE,D,FUTSTK
TATASTEEL-Jul2025-FUT,53454,NSE,D,FUTSTK
TATATECH-Jul2025-FUT,53455,NSE,D,FUTSTK
TCS-Jul2025-FUT,53460,NSE,D,FUTSTK
TECHM-Jul2025-FUT,53461,NSE,D,FUTSTK
TIINDIA-Jul2025-FUT,53464,NSE,D,FUTSTK
TITAGARH-Jul2025-FUT,53465,NSE,D,FUTSTK
TITAN-Jul2025-FUT,53466,NSE,D,FUTSTK
TORNTPHARM-Jul2025-FUT,53467,NSE,D,FUTSTK
TORNTPOWER-Jul2025-FUT,53468,NSE,D,FUTSTK
TRENT-Jul2025-FUT,53469,NSE,D,FUTSTK
TVSMOTOR-Jul2025-FUT,53470,NSE,D,FUTSTK
ULTRACEMCO-Jul2025-FUT,53471,NSE,D,FUTSTK
UNIONBANK-Jul2025-FUT,53472,NSE,D,FUTSTK
UNITDSPR-Jul2025-FUT,53473,NSE,D,FUTSTK
UPL-Jul2025-FUT,53474,NSE,D,FUTSTK
VBL-Jul2025-FUT,53475,NSE,D,FUTSTK
MANAPPURAM-Sep2025-FUT,53476,NSE,D,FUTSTK
MANKIND-Sep2025-FUT,53477,NSE,D,FUTSTK
VEDL-Jul2025-FUT,53478,NSE,D,FUTSTK
VOLTAS-Jul2025-FUT,53479,NSE,D,FUTSTK
WIPRO-Jul2025-FUT,53480,NSE,D,FUTSTK
YESBANK-Jul2025-FUT,53481,NSE,D,FUTSTK
ZYDUSLIFE-Jul2025-FUT,53484,NSE,D,FUTSTK
MARICO-Sep2025-FUT,53492,NSE,D,FUTSTK
MARUTI-Sep2025-FUT,53493,NSE,D,FUTSTK
MAXHEALTH-Sep2025-FUT,53703,NSE,D,FUTSTK
MAZDOCK-Sep2025-FUT,53704,NSE,D,FUTSTK
MCX-Sep2025-FUT,53705,NSE,D,FUTSTK
MFSL-Sep2025-FUT,53706,NSE,D,FUTSTK
MOTHERSON-Sep2025-FUT,53707,NSE,D,FUTSTK
MPHASIS-Sep2025-FUT,53708,NSE,D,FUTSTK
MUTHOOTFIN-Sep2025-FUT,53709,NSE,D,FUTSTK
NATIONALUM-Sep2025-FUT,53710,NSE,D,FUTSTK
NAUKRI-Sep2025-FUT,53711,NSE,D,FUTSTK
NBCC-Sep2025-FUT,53714,NSE,D,FUTSTK
NCC-Sep2025-FUT,53715,NSE,D,FUTSTK
NESTLEIND-Sep2025-FUT,53720,NSE,D,FUTSTK
NHPC-Sep2025-FUT,53721,NSE,D,FUTSTK
NMDC-Sep2025-FUT,53746,NSE,D,FUTSTK
NTPC-Sep2025-FUT,53747,NSE,D,FUTSTK
NYKAA-Sep2025-FUT,53748,NSE,D,FUTSTK
OBEROIRLTY-Sep2025-FUT,53749,NSE,D,FUTSTK
OFSS-Sep2025-FUT,53750,NSE,D,FUTSTK
OIL-Sep2025-FUT,53751,NSE,D,FUTSTK
ONGC-Sep2025-FUT,53752,NSE,D,FUTSTK
PAGEIND-Sep2025-FUT,53753,NSE,D,FUTSTK
PATANJALI-Sep2025-FUT,53754,NSE,D,FUTSTK
PAYTM-Sep2025-FUT,53755,NSE,D,FUTSTK
PERSISTENT-Sep2025-FUT,53757,NSE,D,FUTSTK
PETRONET-Sep2025-FUT,53758,NSE,D,FUTSTK
PFC-Sep2025-FUT,53759,NSE,D,FUTSTK
PGEL-Jul2025-FUT,53763,NSE,D,FUTSTK
PGEL-Aug2025-FUT,53764,NSE,D,FUTSTK
PGEL-Sep2025-FUT,53765,NSE,D,FUTSTK
PHOENIXLTD-Sep2025-FUT,53766,NSE,D,FUTSTK
PIDILITIND-Sep2025-FUT,53769,NSE,D,FUTSTK
PIIND-Sep2025-FUT,53777,NSE,D,FUTSTK
PNB-Sep2025-FUT,53778,NSE,D,FUTSTK
PNBHOUSING-Sep2025-FUT,53779,NSE,D,FUTSTK
POLICYBZR-Sep2025-FUT,53781,NSE,D,FUTSTK
POLYCAB-Sep2025-FUT,53791,NSE,D,FUTSTK
POWERGRID-Sep2025-FUT,53792,NSE,D,FUTSTK
PPLPHARMA-Sep2025-FUT,53795,NSE,D,FUTSTK
PRESTIGE-Sep2025-FUT,53798,NSE,D,FUTSTK
RBLBANK-Sep2025-FUT,53802,NSE,D,FUTSTK
RECLTD-Sep2025-FUT,53803,NSE,D,FUTSTK
RELIANCE-Sep2025-FUT,53806,NSE,D,FUTSTK
RVNL-Sep2025-FUT,53807,NSE,D,FUTSTK
SAIL-Sep2025-FUT,53808,NSE,D,FUTSTK
SBICARD-Sep2025-FUT,53809,NSE,D,FUTSTK
SBILIFE-Sep2025-FUT,53812,NSE,D,FUTSTK
SBIN-Sep2025-FUT,53815,NSE,D,FUTSTK
SHREECEM-Sep2025-FUT,53833,NSE,D,FUTSTK
SHRIRAMFIN-Sep2025-FUT,53834,NSE,D,FUTSTK
SIEMENS-Sep2025-FUT,53835,NSE,D,FUTSTK
SOLARINDS-Sep2025-FUT,53836,NSE,D,FUTSTK
SONACOMS-Sep2025-FUT,53837,NSE,D,FUTSTK
SRF-Sep2025-FUT,53838,NSE,D,FUTSTK
SUNPHARMA-Sep2025-FUT,53839,NSE,D,FUTSTK
SUPREMEIND-Sep2025-FUT,53840,NSE,D,FUTSTK
SYNGENE-Sep2025-FUT,53851,NSE,D,FUTSTK
TATACHEM-Sep2025-FUT,53852,NSE,D,FUTSTK
TATACONSUM-Sep2025-FUT,53867,NSE,D,FUTSTK
TATAELXSI-Sep2025-FUT,53868,NSE,D,FUTSTK
TATAMOTORS-Sep2025-FUT,53869,NSE,D,FUTSTK
TATAPOWER-Sep2025-FUT,53877,NSE,D,FUTSTK
TATASTEEL-Sep2025-FUT,53883,NSE,D,FUTSTK
TATATECH-Sep2025-FUT,53891,NSE,D,FUTSTK
TCS-Sep2025-FUT,53892,NSE,D,FUTSTK
TECHM-Sep2025-FUT,53896,NSE,D,FUTSTK
TIINDIA-Sep2025-FUT,53899,NSE,D,FUTSTK
TITAGARH-Sep2025-FUT,53900,NSE,D,FUTSTK
TITAN-Sep2025-FUT,53901,NSE,D,FUTSTK
TORNTPHARM-Sep2025-FUT,53902,NSE,D,FUTSTK
TORNTPOWER-Sep2025-FUT,53906,NSE,D,FUTSTK
TRENT-Sep2025-FUT,53909,NSE,D,FUTSTK
TVSMOTOR-Sep2025-FUT,53911,NSE,D,FUTSTK
ULTRACEMCO-Sep2025-FUT,53912,NSE,D,FUTSTK
UNIONBANK-Sep2025-FUT,53913,NSE,D,FUTSTK
UNITDSPR-Sep2025-FUT,53914,NSE,D,FUTSTK
UNOMINDA-Sep2025-FUT,53915,NSE,D,FUTSTK
UPL-Sep2025-FUT,53918,NSE,D,FUTSTK
VBL-Sep2025-FUT,53919,NSE,D,FUTSTK
VEDL-Sep2025-FUT,53921,NSE,D,FUTSTK
VOLTAS-Sep2025-FUT,53923,NSE,D,FUTSTK
WIPRO-Sep2025-FUT,53924,NSE,D,FUTSTK
YESBANK-Sep2025-FUT,53925,NSE,D,FUTSTK
ZYDUSLIFE-Sep2025-FUT,53926,NSE,D,FUTSTK
BANKNIFTY-Aug2025-FUT,64100,NSE,D,FUTIDX
FINNIFTY-Aug2025-FUT,64101,NSE,D,FUTIDX
MIDCPNIFTY-Aug2025-FUT,64102,NSE,D,FUTIDX
NIFTY-Aug2025-FUT,64103,NSE,D,FUTIDX
NIFTYNXT50-Aug2025-FUT,64104,NSE,D,FUTIDX
ABB-Aug2025-FUT,64105,NSE,D,FUTSTK
ABCAPITAL-Aug2025-FUT,64106,NSE,D,FUTSTK
ABFRL-Aug2025-FUT,64107,NSE,D,FUTSTK
ADANIENSOL-Aug2025-FUT,64108,NSE,D,FUTSTK
ADANIENT-Aug2025-FUT,64109,NSE,D,FUTSTK
ADANIGREEN-Aug2025-FUT,64110,NSE,D,FUTSTK
ADANIPORTS-Aug2025-FUT,64111,NSE,D,FUTSTK
ALKEM-Aug2025-FUT,64112,NSE,D,FUTSTK
AMBUJACEM-Aug2025-FUT,64113,NSE,D,FUTSTK
ANGELONE-Aug2025-FUT,64114,NSE,D,FUTSTK
APLAPOLLO-Aug2025-FUT,64115,NSE,D,FUTSTK
APOLLOHOSP-Aug2025-FUT,64116,NSE,D,FUTSTK
ASHOKLEY-Aug2025-FUT,64117,NSE,D,FUTSTK
ASIANPAINT-Aug2025-FUT,64118,NSE,D,FUTSTK
ASTRAL-Aug2025-FUT,64119,NSE,D,FUTSTK
ATGL-Aug2025-FUT,64120,NSE,D,FUTSTK
AUBANK-Aug2025-FUT,64121,NSE,D,FUTSTK
AUROPHARMA-Aug2025-FUT,64206,NSE,D,FUTSTK
AXISBANK-Aug2025-FUT,64207,NSE,D,FUTSTK
BAJAJ-AUTO-Aug2025-FUT,64217,NSE,D,FUTSTK
BAJAJFINSV-Aug2025-FUT,64219,NSE,D,FUTSTK
BAJFINANCE-Aug2025-FUT,64220,NSE,D,FUTSTK
BANDHANBNK-Aug2025-FUT,64221,NSE,D,FUTSTK
BANKBARODA-Aug2025-FUT,64222,NSE,D,FUTSTK
BANKINDIA-Aug2025-FUT,64223,NSE,D,FUTSTK
BDL-Jul2025-FUT,64225,NSE,D,FUTSTK
BDL-Aug2025-FUT,64226,NSE,D,FUTSTK
BEL-Aug2025-FUT,64227,NSE,D,FUTSTK
BHARATFORG-Aug2025-FUT,64228,NSE,D,FUTSTK
BHARTIARTL-Aug2025-FUT,64229,NSE,D,FUTSTK
BHEL-Aug2025-FUT,64230,NSE,D,FUTSTK
BIOCON-Aug2025-FUT,64231,NSE,D,FUTSTK
BLUESTARCO-Jul2025-FUT,64233,NSE,D,FUTSTK
BLUESTARCO-Aug2025-FUT,64248,NSE,D,FUTSTK
BOSCHLTD-Aug2025-FUT,64249,NSE,D,FUTSTK
BPCL-Aug2025-FUT,64372,NSE,D,FUTSTK
BRITANNIA-Aug2025-FUT,64373,NSE,D,FUTSTK
BSE-Aug2025-FUT,64378,NSE,D,FUTSTK
CAMS-Aug2025-FUT,64379,NSE,D,FUTSTK
CANBK-Aug2025-FUT,64380,NSE,D,FUTSTK
CDSL-Aug2025-FUT,64381,NSE,D,FUTSTK
CESC-Aug2025-FUT,64382,NSE,D,FUTSTK
CGPOWER-Aug2025-FUT,64383,NSE,D,FUTSTK
CHOLAFIN-Aug2025-FUT,64387,NSE,D,FUTSTK
CIPLA-Aug2025-FUT,64388,NSE,D,FUTSTK
COALINDIA-Aug2025-FUT,64390,NSE,D,FUTSTK
COFORGE-Aug2025-FUT,64391,NSE,D,FUTSTK
COLPAL-Aug2025-FUT,64392,NSE,D,FUTSTK
CONCOR-Aug2025-FUT,64393,NSE,D,FUTSTK
CROMPTON-Aug2025-FUT,64394,NSE,D,FUTSTK
CUMMINSIND-Aug2025-FUT,64395,NSE,D,FUTSTK
CYIENT-Aug2025-FUT,64396,NSE,D,FUTSTK
DABUR-Aug2025-FUT,64397,NSE,D,FUTSTK
DALBHARAT-Aug2025-FUT,64398,NSE,D,FUTSTK
DELHIVERY-Aug2025-FUT,64399,NSE,D,FUTSTK
DIVISLAB-Aug2025-FUT,64400,NSE,D,FUTSTK
DIXON-Aug2025-FUT,64401,NSE,D,FUTSTK
DLF-Aug2025-FUT,64402,NSE,D,FUTSTK
DMART-Aug2025-FUT,64403,NSE,D,FUTSTK
DRREDDY-Aug2025-FUT,64404,NSE,D,FUTSTK
EICHERMOT-Aug2025-FUT,64405,NSE,D,FUTSTK
ETERNAL-Aug2025-FUT,64407,NSE,D,FUTSTK
EXIDEIND-Aug2025-FUT,64409,NSE,D,FUTSTK
FEDERALBNK-Aug2025-FUT,64410,NSE,D,FUTSTK
FORTIS-Jul2025-FUT,64412,NSE,D,FUTSTK
FORTIS-Aug2025-FUT,64413,NSE,D,FUTSTK
GAIL-Aug2025-FUT,64414,NSE,D,FUTSTK
GLENMARK-Aug2025-FUT,64415,NSE,D,FUTSTK
GMRAIRPORT-Aug2025-FUT,64416,NSE,D,FUTSTK
GODREJCP-Aug2025-FUT,64417,NSE,D,FUTSTK
GODREJPROP-Aug2025-FUT,64418,NSE,D,FUTSTK
GRANULES-Aug2025-FUT,64419,NSE,D,FUTSTK
GRASIM-Aug2025-FUT,64420,NSE,D,FUTSTK
HAL-Aug2025-FUT,64421,NSE,D,FUTSTK
HAVELLS-Aug2025-FUT,64422,NSE,D,FUTSTK
HCLTECH-Aug2025-FUT,64423,NSE,D,FUTSTK
HDFCAMC-Aug2025-FUT,64424,NSE,D,FUTSTK
HDFCBANK-Aug2025-FUT,64425,NSE,D,FUTSTK
HDFCLIFE-Aug2025-FUT,64426,NSE,D,FUTSTK
HEROMOTOCO-Aug2025-FUT,64427,NSE,D,FUTSTK
HFCL-Aug2025-FUT,64428,NSE,D,FUTSTK
HINDALCO-Aug2025-FUT,64429,NSE,D,FUTSTK
HINDPETRO-Aug2025-FUT,64430,NSE,D,FUTSTK
HINDUNILVR-Aug2025-FUT,64431,NSE,D,FUTSTK
HINDZINC-Aug2025-FUT,64432,NSE,D,FUTSTK
HUDCO-Aug2025-FUT,64433,NSE,D,FUTSTK
ICICIBANK-Aug2025-FUT,64434,NSE,D,FUTSTK
ICICIGI-Aug2025-FUT,64435,NSE,D,FUTSTK
ICICIPRULI-Aug2025-FUT,64436,NSE,D,FUTSTK
IDEA-Aug2025-FUT,64437,NSE,D,FUTSTK
IDFCFIRSTB-Aug2025-FUT,64438,NSE,D,FUTSTK
IEX-Aug2025-FUT,64439,NSE,D,FUTSTK
IGL-Aug2025-FUT,64440,NSE,D,FUTSTK
IIFL-Aug2025-FUT,64441,NSE,D,FUTSTK
INDHOTEL-Aug2025-FUT,64442,NSE,D,FUTSTK
INDIANB-Aug2025-FUT,64443,NSE,D,FUTSTK
INDIGO-Aug2025-FUT,64451,NSE,D,FUTSTK
INDUSINDBK-Aug2025-FUT,64452,NSE,D,FUTSTK
INDUSTOWER-Aug2025-FUT,64453,NSE,D,FUTSTK
INFY-Aug2025-FUT,64454,NSE,D,FUTSTK
INOXWIND-Aug2025-FUT,64456,NSE,D,FUTSTK
IOC-Aug2025-FUT,64457,NSE,D,FUTSTK
IRB-Aug2025-FUT,64547,NSE,D,FUTSTK
IRCTC-Aug2025-FUT,64548,NSE,D,FUTSTK
IREDA-Aug2025-FUT,64613,NSE,D,FUTSTK
IRFC-Aug2025-FUT,64614,NSE,D,FUTSTK
ITC-Aug2025-FUT,64615,NSE,D,FUTSTK
JINDALSTEL-Aug2025-FUT,64616,NSE,D,FUTSTK
JIOFIN-Aug2025-FUT,64617,NSE,D,FUTSTK
JSL-Aug2025-FUT,64618,NSE,D,FUTSTK
JSWENERGY-Aug2025-FUT,64619,NSE,D,FUTSTK
JSWSTEEL-Aug2025-FUT,64620,NSE,D,FUTSTK
JUBLFOOD-Aug2025-FUT,64621,NSE,D,FUTSTK
KALYANKJIL-Aug2025-FUT,64622,NSE,D,FUTSTK
KAYNES-Jul2025-FUT,64624,NSE,D,FUTSTK
KAYNES-Aug2025-FUT,64625,NSE,D,FUTSTK
KEI-Aug2025-FUT,64626,NSE,D,FUTSTK
KOTAKBANK-Aug2025-FUT,64627,NSE,D,FUTSTK
KPITTECH-Aug2025-FUT,64628,NSE,D,FUTSTK
LAURUSLABS-Aug2025-FUT,64629,NSE,D,FUTSTK
LICHSGFIN-Aug2025-FUT,64630,NSE,D,FUTSTK
LICI-Aug2025-FUT,64631,NSE,D,FUTSTK
LODHA-Aug2025-FUT,64632,NSE,D,FUTSTK
LT-Aug2025-FUT,64633,NSE,D,FUTSTK
LTF-Aug2025-FUT,64634,NSE,D,FUTSTK
LTIM-Aug2025-FUT,64635,NSE,D,FUTSTK
LUPIN-Aug2025-FUT,64636,NSE,D,FUTSTK
M&M-Aug2025-FUT,64637,NSE,D,FUTSTK
MANAPPURAM-Aug2025-FUT,64897,NSE,D,FUTSTK
MANKIND-Jul2025-FUT,64901,NSE,D,FUTSTK
MANKIND-Aug2025-FUT,64902,NSE,D,FUTSTK
MARICO-Aug2025-FUT,64903,NSE,D,FUTSTK
MARUTI-Aug2025-FUT,64904,NSE,D,FUTSTK
MAXHEALTH-Aug2025-FUT,64905,NSE,D,FUTSTK
MAZDOCK-Jul2025-FUT,64907,NSE,D,FUTSTK
MAZDOCK-Aug2025-FUT,64908,NSE,D,FUTSTK
MCX-Aug2025-FUT,64938,NSE,D,FUTSTK
MFSL-Aug2025-FUT,64939,NSE,D,FUTSTK
MOTHERSON-Aug2025-FUT,64942,NSE,D,FUTSTK
MPHASIS-Aug2025-FUT,64943,NSE,D,FUTSTK
MUTHOOTFIN-Aug2025-FUT,64944,NSE,D,FUTSTK
NATIONALUM-Aug2025-FUT,64949,NSE,D,FUTSTK
NAUKRI-Aug2025-FUT,64950,NSE,D,FUTSTK
NBCC-Aug2025-FUT,64951,NSE,D,FUTSTK
NCC-Aug2025-FUT,64952,NSE,D,FUTSTK
NESTLEIND-Aug2025-FUT,64953,NSE,D,FUTSTK
NHPC-Aug2025-FUT,64954,NSE,D,FUTSTK
NMDC-Aug2025-FUT,64959,NSE,D,FUTSTK
NTPC-Aug2025-FUT,64962,NSE,D,FUTSTK
NYKAA-Aug2025-FUT,64963,NSE,D,FUTSTK
OBEROIRLTY-Aug2025-FUT,64964,NSE,D,FUTSTK
OFSS-Aug2025-FUT,64965,NSE,D,FUTSTK
OIL-Aug2025-FUT,64968,NSE,D,FUTSTK
ONGC-Aug2025-FUT,64969,NSE,D,FUTSTK
PAGEIND-Aug2025-FUT,64970,NSE,D,FUTSTK
PATANJALI-Aug2025-FUT,64971,NSE,D,FUTSTK
PAYTM-Aug2025-FUT,64972,NSE,D,FUTSTK
PERSISTENT-Aug2025-FUT,64973,NSE,D,FUTSTK
PETRONET-Aug2025-FUT,64974,NSE,D,FUTSTK
PFC-Aug2025-FUT,64975,NSE,D,FUTSTK
PHOENIXLTD-Aug2025-FUT,64976,NSE,D,FUTSTK
PIDILITIND-Aug2025-FUT,64977,NSE,D,FUTSTK
PIIND-Aug2025-FUT,64978,NSE,D,FUTSTK
PNB-Aug2025-FUT,64979,NSE,D,FUTSTK
PNBHOUSING-Aug2025-FUT,64981,NSE,D,FUTSTK
POLICYBZR-Aug2025-FUT,64982,NSE,D,FUTSTK
POLYCAB-Aug2025-FUT,64984,NSE,D,FUTSTK
POONAWALLA-Aug2025-FUT,64985,NSE,D,FUTSTK
POWERGRID-Aug2025-FUT,64986,NSE,D,FUTSTK
PPLPHARMA-Jul2025-FUT,64988,NSE,D,FUTSTK
PPLPHARMA-Aug2025-FUT,64989,NSE,D,FUTSTK
PRESTIGE-Aug2025-FUT,64990,NSE,D,FUTSTK
RBLBANK-Aug2025-FUT,64991,NSE,D,FUTSTK
RECLTD-Aug2025-FUT,64994,NSE,D,FUTSTK
RELIANCE-Aug2025-FUT,64995,NSE,D,FUTSTK
RVNL-Jul2025-FUT,64997,NSE,D,FUTSTK
RVNL-Aug2025-FUT,64998,NSE,D,FUTSTK
SAIL-Aug2025-FUT,64999,NSE,D,FUTSTK
SBICARD-Aug2025-FUT,65034,NSE,D,FUTSTK
SBILIFE-Aug2025-FUT,65035,NSE,D,FUTSTK
SBIN-Aug2025-FUT,65036,NSE,D,FUTSTK
SHREECEM-Aug2025-FUT,65037,NSE,D,FUTSTK
SHRIRAMFIN-Aug2025-FUT,65124,NSE,D,FUTSTK
SIEMENS-Aug2025-FUT,65125,NSE,D,FUTSTK
SJVN-Aug2025-FUT,65176,NSE,D,FUTSTK
SOLARINDS-Aug2025-FUT,65177,NSE,D,FUTSTK
SONACOMS-Aug2025-FUT,65196,NSE,D,FUTSTK
SRF-Aug2025-FUT,65197,NSE,D,FUTSTK
SUNPHARMA-Aug2025-FUT,65198,NSE,D,FUTSTK
SUPREMEIND-Aug2025-FUT,65203,NSE,D,FUTSTK
SYNGENE-Aug2025-FUT,65206,NSE,D,FUTSTK
TATACHEM-Aug2025-FUT,65207,NSE,D,FUTSTK
TATACONSUM-Aug2025-FUT,65208,NSE,D,FUTSTK
TATAELXSI-Aug2025-FUT,65212,NSE,D,FUTSTK
TATAMOTORS-Aug2025-FUT,65213,NSE,D,FUTSTK
TATAPOWER-Aug2025-FUT,65217,NSE,D,FUTSTK
TATASTEEL-Aug2025-FUT,65218,NSE,D,FUTSTK
TATATECH-Aug2025-FUT,65221,NSE,D,FUTSTK
TCS-Aug2025-FUT,65222,NSE,D,FUTSTK
TECHM-Aug2025-FUT,65223,NSE,D,FUTSTK
TIINDIA-Aug2025-FUT,65224,NSE,D,FUTSTK
TITAGARH-Aug2025-FUT,65225,NSE,D,FUTSTK
TITAN-Aug2025-FUT,65226,NSE,D,FUTSTK
TORNTPHARM-Aug2025-FUT,65227,NSE,D,FUTSTK
TORNTPOWER-Aug2025-FUT,65228,NSE,D,FUTSTK
TRENT-Aug2025-FUT,65231,NSE,D,FUTSTK
TVSMOTOR-Aug2025-FUT,65232,NSE,D,FUTSTK
ULTRACEMCO-Aug2025-FUT,65233,NSE,D,FUTSTK
UNIONBANK-Aug2025-FUT,65234,NSE,D,FUTSTK
UNITDSPR-Aug2025-FUT,65235,NSE,D,FUTSTK
UNOMINDA-Jul2025-FUT,65239,NSE,D,FUTSTK
UNOMINDA-Aug2025-FUT,65242,NSE,D,FUTSTK
UPL-Aug2025-FUT,65243,NSE,D,FUTSTK
VBL-Aug2025-FUT,65244,NSE,D,FUTSTK
VEDL-Aug2025-FUT,65245,NSE,D,FUTSTK
VOLTAS-Aug2025-FUT,65248,NSE,D,FUTSTK
WIPRO-Aug2025-FUT,65249,NSE,D,FUTSTK
YESBANK-Aug2025-FUT,65250,NSE,D,FUTSTK
ZYDUSLIFE-Aug2025-FUT,65251,NSE,D,FUTSTK
